source_object_type	source_object	source_field	target_object_type	target_object	target_field	relationship	line_no	line_relation_seq	line_content	confidence
VIEW_DDL	INTERFACE.V_API_MTM_REVAL		VIEW	INTERFACE.V_API_MTM_REVAL		CREATE_VIEW	1	0	CREATE VIEW INTERFACE.V_API_MTM_REVAL AS	PARSER
VIEW_DDL	INTERFACE.V_API_MTM_REVAL	F.CUSTOMER_NUMBER	VIEW	INTERFACE.V_API_MTM_REVAL	CUST_NUM	CREATE_VIEW_MAP	3	0	    F.CUSTOMER_NUMBER AS CUST_NUM,	PARSER
VIEW_DDL	INTERFACE.V_API_MTM_REVAL	F.DEAL_NUMBER	VIEW	INTERFACE.V_API_MTM_REVAL	DEAL_NUM	CREATE_VIEW_MAP	4	0	    F.DEAL_NUMBER     AS DEAL_NUM,	PARSER
VIEW_DDL	INTERFACE.V_API_MTM_REVAL	F.DEAL_TYPE	VIEW	INTERFACE.V_API_MTM_REVAL	DEAL_TYPE	CREATE_VIEW_MAP	5	0	    F.DEAL_TYPE       AS DEAL_TYPE,	PARSER
VIEW_DDL	INTERFACE.V_API_MTM_REVAL	F.MTM_AMOUNT	VIEW	INTERFACE.V_API_MTM_REVAL	CUR_MTM_AMT	CREATE_VIEW_MAP	6	0	    F.MTM_AMOUNT      AS CUR_MTM_AMT,	PARSER
VIEW_DDL	INTERFACE.V_API_MTM_REVAL	F.LAST_UPDATE_TS	VIEW	INTERFACE.V_API_MTM_REVAL	LAST_UPD_TS	CREATE_VIEW_MAP	7	0	    F.LAST_UPDATE_TS  AS LAST_UPD_TS	PARSER
FUNCTION	FN_WRAPPER		FUNCTION	FN_WRAPPER		CREATE_FUNCTION	1	0	CREATE OR REPLACE FUNCTION FN_WRAPPER() RETURNS INT	PARSER
FUNCTION	FN_WRAPPER	FUNCTION:GET_MULTIPLIER	UNKNOWN	UNKNOWN_UNRESOLVED_OBJECT		RETURN_VALUE	4	0	    RETURN GET_MULTIPLIER(10);	PARSER
FUNCTION	FN_WRAPPER	CONSTANT:10	UNKNOWN	UNKNOWN_UNRESOLVED_OBJECT		RETURN_VALUE	4	1	    RETURN GET_MULTIPLIER(10);	PARSER
FUNCTION	GET_MULTIPLIER		FUNCTION	GET_MULTIPLIER		CREATE_FUNCTION	1	0	CREATE OR REPLACE FUNCTION GET_MULTIPLIER ( P_FACTOR INT ) RETURNS INT	PARSER
FUNCTION	GET_MULTIPLIER	P_FACTOR	UNKNOWN	UNKNOWN_UNRESOLVED_OBJECT		RETURN_VALUE	4	0	    RETURN P_FACTOR * 2;	PARSER
FUNCTION	GET_MULTIPLIER	CONSTANT:2	UNKNOWN	UNKNOWN_UNRESOLVED_OBJECT		RETURN_VALUE	4	1	    RETURN P_FACTOR * 2;	PARSER
FUNCTION	GET_TOP_DEALS		FUNCTION	GET_TOP_DEALS		CREATE_FUNCTION	1	0	CREATE OR REPLACE FUNCTION GET_TOP_DEALS ()	PARSER
FUNCTION	GET_TOP_DEALS		UNKNOWN	UNKNOWN_UNSUPPORTED_STATEMENT		UNKNOWN	5	0	    FOR V_ROW AS	PARSER
FUNCTION	GET_TOP_DEALS	V_ROW.DEAL_NUM	FUNCTION	GET_TOP_DEALS	OUT_DEAL_NUM	TABLE_FUNCTION_RETURN_MAP	10	0	        PIPE ( V_ROW.DEAL_NUM, V_ROW.TOTAL_AMT );	PARSER
FUNCTION	INTERFACE.FN_GET_CODE_MAP_VALUE		FUNCTION	INTERFACE.FN_GET_CODE_MAP_VALUE		CREATE_FUNCTION	1	0	CREATE OR REPLACE FUNCTION INTERFACE.FN_GET_CODE_MAP_VALUE	PARSER
FUNCTION	INTERFACE.FN_GET_CODE_MAP_VALUE	FUNCTION:COALESCE	UNKNOWN	UNKNOWN_UNRESOLVED_OBJECT		RETURN_VALUE	26	0	    RETURN COALESCE(V_RESULT, 'NA');	PARSER
FUNCTION	INTERFACE.FN_GET_CODE_MAP_VALUE	V_RESULT	UNKNOWN	UNKNOWN_UNRESOLVED_OBJECT		RETURN_VALUE	26	1	    RETURN COALESCE(V_RESULT, 'NA');	PARSER
FUNCTION	INTERFACE.FN_GET_CODE_MAP_VALUE	CONSTANT:'NA'	UNKNOWN	UNKNOWN_UNRESOLVED_OBJECT		RETURN_VALUE	26	2	    RETURN COALESCE(V_RESULT, 'NA');	PARSER
FUNCTION	INTERFACE.FN_REL_DEMO		FUNCTION	INTERFACE.FN_REL_DEMO		CREATE_FUNCTION	1	0	CREATE OR REPLACE FUNCTION INTERFACE.FN_REL_DEMO	PARSER
FUNCTION	INTERFACE.FN_REL_DEMO	V_OUT	UNKNOWN	UNKNOWN_UNRESOLVED_OBJECT		RETURN_VALUE	19	0	    RETURN V_OUT;	PARSER
PROCEDURE	ADVANCED_DML_PROC		PROCEDURE	ADVANCED_DML_PROC		CREATE_PROCEDURE	1	0	CREATE OR REPLACE PROCEDURE ADVANCED_DML_PROC ()	PARSER
PROCEDURE	ADVANCED_DML_PROC		CURSOR	C_UPD		CURSOR_DEFINE	5	0	    DECLARE C_UPD CURSOR FOR SELECT STATUS_CD FROM INTERFACE.API_MTM_REVAL FOR UPDATE;	REGEX
PROCEDURE	ADVANCED_DML_PROC	CONSTANT:5	FUNCTION	GET_MULTIPLIER	P_FACTOR	FUNCTION_PARAM_MAP	6	0	    SET V_LIMIT = GET_MULTIPLIER(5);	REGEX
PROCEDURE	ADVANCED_DML_PROC	GET_MULTIPLIER	VARIABLE	ADVANCED_DML_PROC	V_LIMIT	FUNCTION_EXPR_MAP	6	1	    SET V_LIMIT = GET_MULTIPLIER(5);	REGEX
PROCEDURE	ADVANCED_DML_PROC		CURSOR	C_UPD		CURSOR_READ	7	0	    OPEN C_UPD;	REGEX
PROCEDURE	ADVANCED_DML_PROC		CURSOR	C_UPD		CURSOR_READ	8	0	    FETCH C_UPD INTO V_LIMIT;	REGEX
PROCEDURE	ADVANCED_DML_PROC	STATUS_CD	VARIABLE	ADVANCED_DML_PROC	V_LIMIT	CURSOR_FETCH_MAP	8	1	    FETCH C_UPD INTO V_LIMIT;	REGEX
PROCEDURE	ADVANCED_DML_PROC		UNKNOWN	UNKNOWN_UNSUPPORTED_STATEMENT		UNKNOWN	9	0	    UPDATE INTERFACE.API_MTM_REVAL SET STATUS_CD = 'X' WHERE CURRENT OF C_UPD;	PARSER
PROCEDURE	ADVANCED_DML_PROC		CURSOR	C_UPD		CURSOR_READ	10	0	    CLOSE C_UPD;	REGEX
PROCEDURE	DEMO_PROC_DB2		PROCEDURE	DEMO_PROC_DB2		CREATE_PROCEDURE	1	0	CREATE OR REPLACE PROCEDURE DEMO_PROC_DB2 ( IN P_ID INT, OUT P_STATUS VARCHAR(50) )	PARSER
PROCEDURE	DEMO_PROC_DB2		SESSION_TABLE	SESSION.JOIN_RESULT		CREATE_TABLE	10	0	    DECLARE GLOBAL TEMPORARY TABLE SESSION.JOIN_RESULT (	REGEX
PROCEDURE	DEMO_PROC_DB2		CURSOR	C_EMP		CURSOR_DEFINE	14	0	    DECLARE C_EMP CURSOR FOR SELECT EMP_ID FROM EMPLOYEES WHERE DEPT_ID = P_ID;	REGEX
PROCEDURE	DEMO_PROC_DB2	CONSTANT:SQLEXCEPTION	PROCEDURE	DEMO_PROC_DB2		EXCEPTION_HANDLER_MAP	14	1	    DECLARE CONTINUE HANDLER FOR SQLEXCEPTION	REGEX
PROCEDURE	DEMO_PROC_DB2	CONSTANT:SQLCODE	VARIABLE	DEMO_PROC_DB2	V_CODE	SPECIAL_REGISTER_MAP	16	0	        SET V_CODE = SQLCODE;	REGEX
PROCEDURE	DEMO_PROC_DB2	CONSTANT:'ERROR'	VARIABLE	DEMO_PROC_DB2	P_STATUS	VARIABLE_SET_MAP	17	0	        SET P_STATUS = 'ERROR';	PARSER
PROCEDURE	DEMO_PROC_DB2	CONSTANT:CURRENT TIMESTAMP	VARIABLE	DEMO_PROC_DB2	V_TIME	SPECIAL_REGISTER_MAP	19	0	    SET V_TIME = CURRENT TIMESTAMP;	REGEX
PROCEDURE	DEMO_PROC_DB2	CONSTANT:0	VARIABLE	DEMO_PROC_DB2	V_COUNT	VARIABLE_SET_MAP	20	0	    SET V_COUNT = 0;	PARSER
PROCEDURE	DEMO_PROC_DB2	P_ID	PROCEDURE	DEMO_PROC_DB2		CONTROL_FLOW_CONDITION	21	0	    IF P_ID > 100 THEN	REGEX
PROCEDURE	DEMO_PROC_DB2	CONSTANT:100	PROCEDURE	DEMO_PROC_DB2		CONTROL_FLOW_CONDITION	21	1	    IF P_ID > 100 THEN	REGEX
PROCEDURE	DEMO_PROC_DB2		CURSOR	C_EMP		CURSOR_READ	22	0	        OPEN C_EMP;	REGEX
PROCEDURE	DEMO_PROC_DB2		CURSOR	C_EMP		CURSOR_READ	23	0	        FETCH C_EMP INTO V_COUNT;	REGEX
PROCEDURE	DEMO_PROC_DB2	EMP_ID	VARIABLE	DEMO_PROC_DB2	V_COUNT	CURSOR_FETCH_MAP	23	1	        FETCH C_EMP INTO V_COUNT;	REGEX
PROCEDURE	DEMO_PROC_DB2		CURSOR	C_EMP		CURSOR_READ	24	0	        CLOSE C_EMP;	REGEX
PROCEDURE	DEMO_PROC_DB2		TABLE	SESSION.JOIN_RESULT		INSERT_TABLE	27	0	    INSERT INTO SESSION.JOIN_RESULT (EMP_ID, DEPT_NAME, BONUS_AMT)	PARSER
PROCEDURE	DEMO_PROC_DB2		TABLE	EMPLOYEES		SELECT_TABLE	27	1	    INSERT INTO SESSION.JOIN_RESULT (EMP_ID, DEPT_NAME, BONUS_AMT)	PARSER
PROCEDURE	DEMO_PROC_DB2		TABLE	DEPARTMENTS		SELECT_TABLE	27	2	    INSERT INTO SESSION.JOIN_RESULT (EMP_ID, DEPT_NAME, BONUS_AMT)	PARSER
PROCEDURE	DEMO_PROC_DB2		TABLE	BONUS		SELECT_TABLE	27	3	    INSERT INTO SESSION.JOIN_RESULT (EMP_ID, DEPT_NAME, BONUS_AMT)	PARSER
PROCEDURE	DEMO_PROC_DB2		TABLE	SESSION.JOIN_RESULT	EMP_ID	INSERT_TARGET_COL	27	4	    INSERT INTO SESSION.JOIN_RESULT (EMP_ID, DEPT_NAME, BONUS_AMT)	PARSER
PROCEDURE	DEMO_PROC_DB2		TABLE	SESSION.JOIN_RESULT	DEPT_NAME	INSERT_TARGET_COL	27	5	    INSERT INTO SESSION.JOIN_RESULT (EMP_ID, DEPT_NAME, BONUS_AMT)	PARSER
PROCEDURE	DEMO_PROC_DB2		TABLE	SESSION.JOIN_RESULT	BONUS_AMT	INSERT_TARGET_COL	27	6	    INSERT INTO SESSION.JOIN_RESULT (EMP_ID, DEPT_NAME, BONUS_AMT)	PARSER
PROCEDURE	DEMO_PROC_DB2	E.EMP_ID	TABLE	SESSION.JOIN_RESULT	EMP_ID	INSERT_SELECT_MAP	28	0	    SELECT E.EMP_ID, D.DEPT_NAME, B.AMOUNT	PARSER
PROCEDURE	DEMO_PROC_DB2	D.DEPT_NAME	TABLE	SESSION.JOIN_RESULT	DEPT_NAME	INSERT_SELECT_MAP	28	1	    SELECT E.EMP_ID, D.DEPT_NAME, B.AMOUNT	PARSER
PROCEDURE	DEMO_PROC_DB2	B.AMOUNT	TABLE	SESSION.JOIN_RESULT	BONUS_AMT	INSERT_SELECT_MAP	28	2	    SELECT E.EMP_ID, D.DEPT_NAME, B.AMOUNT	PARSER
PROCEDURE	DEMO_PROC_DB2		PROCEDURE	AUDIT_LOG_PROC		CALL_PROCEDURE	33	0	    CALL AUDIT_LOG_PROC(P_ID, 'START');	REGEX
PROCEDURE	DEMO_PROC_DB2	P_ID	PROCEDURE	AUDIT_LOG_PROC	$1	CALL_PARAM_MAP	33	1	    CALL AUDIT_LOG_PROC(P_ID, 'START');	REGEX
PROCEDURE	DEMO_PROC_DB2	CONSTANT:'START'	PROCEDURE	AUDIT_LOG_PROC	$2	CALL_PARAM_MAP	33	2	    CALL AUDIT_LOG_PROC(P_ID, 'START');	REGEX
PROCEDURE	DEMO_PROC_DB2	CONSTANT:'DELETE FROM TEMP_DATA'	VARIABLE	DEMO_PROC_DB2	V_SQL	VARIABLE_SET_MAP	34	0	    SET V_SQL = 'DELETE FROM TEMP_DATA';	PARSER
PROCEDURE	DEMO_PROC_DB2	V_SQL	UNKNOWN	UNKNOWN_DYNAMIC_SQL		DYNAMIC_SQL_EXEC	35	0	    EXECUTE IMMEDIATE V_SQL;	DYNAMIC_LOW_CONFIDENCE
PROCEDURE	DEMO_PROC_DB2	CONSTANT:'SUCCESS'	VARIABLE	DEMO_PROC_DB2	P_STATUS	VARIABLE_SET_MAP	36	0	    SET P_STATUS = 'SUCCESS';	PARSER
PROCEDURE	EDGE_CASES_PROC		PROCEDURE	EDGE_CASES_PROC		CREATE_PROCEDURE	1	0	CREATE OR REPLACE PROCEDURE EDGE_CASES_PROC()	PARSER
PROCEDURE	EDGE_CASES_PROC		PROCEDURE	DEMO_PROC_DB2		CALL_PROCEDURE	5	0	   CALL DEMO_PROC_DB2(200, V_STATUS);	REGEX
PROCEDURE	EDGE_CASES_PROC	CONSTANT:200	PROCEDURE	DEMO_PROC_DB2	P_ID	CALL_PARAM_MAP	5	1	   CALL DEMO_PROC_DB2(200, V_STATUS);	REGEX
PROCEDURE	EDGE_CASES_PROC	V_STATUS	PROCEDURE	DEMO_PROC_DB2	P_STATUS	CALL_PARAM_MAP	5	2	   CALL DEMO_PROC_DB2(200, V_STATUS);	REGEX
PROCEDURE	EDGE_CASES_PROC		UNKNOWN	UNKNOWN_UNSUPPORTED_STATEMENT		UNKNOWN	8	0	   REORG TABLE INTERFACE.API_MTM_REVAL;	PARSER
PROCEDURE	INTERFACE.PI_API_MTM_REVAL_DEMO		PROCEDURE	INTERFACE.PI_API_MTM_REVAL_DEMO		CREATE_PROCEDURE	1	0	CREATE OR REPLACE PROCEDURE INTERFACE.PI_API_MTM_REVAL_DEMO	PARSER
PROCEDURE	INTERFACE.PI_API_MTM_REVAL_DEMO		SESSION_TABLE	SESSION.T_MTM_STAGE		CREATE_TABLE	11	0	    DECLARE GLOBAL TEMPORARY TABLE SESSION.T_MTM_STAGE	REGEX
PROCEDURE	INTERFACE.PI_API_MTM_REVAL_DEMO		SESSION_TABLE	SESSION.T_MTM_STAGE_ALL		CREATE_TABLE	21	0	    DECLARE GLOBAL TEMPORARY TABLE SESSION.T_MTM_STAGE_ALL	REGEX
PROCEDURE	INTERFACE.PI_API_MTM_REVAL_DEMO	P_CUST_NUM	FUNCTION	INTERFACE.FN_REL_DEMO	P_CUST_NUM	FUNCTION_PARAM_MAP	31	0	    SET V_STATUS = INTERFACE.FN_REL_DEMO(P_CUST_NUM);	REGEX
PROCEDURE	INTERFACE.PI_API_MTM_REVAL_DEMO	INTERFACE.FN_REL_DEMO	VARIABLE	INTERFACE.PI_API_MTM_REVAL_DEMO	V_STATUS	FUNCTION_EXPR_MAP	31	1	    SET V_STATUS = INTERFACE.FN_REL_DEMO(P_CUST_NUM);	REGEX
PROCEDURE	INTERFACE.PI_API_MTM_REVAL_DEMO		TABLE	SESSION.T_MTM_STAGE		INSERT_TABLE	32	0	    INSERT INTO SESSION.T_MTM_STAGE	PARSER
PROCEDURE	INTERFACE.PI_API_MTM_REVAL_DEMO		CTE	BASE_DATA		CTE_DEFINE	32	1	    INSERT INTO SESSION.T_MTM_STAGE	PARSER
PROCEDURE	INTERFACE.PI_API_MTM_REVAL_DEMO		CTE	BASE_DATA		CTE_READ	32	2	    INSERT INTO SESSION.T_MTM_STAGE	PARSER
PROCEDURE	INTERFACE.PI_API_MTM_REVAL_DEMO		TABLE	SESSION.T_MTM_STAGE	CUST_NUM	INSERT_TARGET_COL	34	0	        CUST_NUM,	PARSER
PROCEDURE	INTERFACE.PI_API_MTM_REVAL_DEMO		TABLE	SESSION.T_MTM_STAGE	DEAL_NUM	INSERT_TARGET_COL	35	0	        DEAL_NUM,	PARSER
PROCEDURE	INTERFACE.PI_API_MTM_REVAL_DEMO		TABLE	SESSION.T_MTM_STAGE	DEAL_TYPE	INSERT_TARGET_COL	36	0	        DEAL_TYPE,	PARSER
PROCEDURE	INTERFACE.PI_API_MTM_REVAL_DEMO		TABLE	SESSION.T_MTM_STAGE	CUR_MTM_AMT	INSERT_TARGET_COL	37	0	        CUR_MTM_AMT	PARSER
PROCEDURE	INTERFACE.PI_API_MTM_REVAL_DEMO	B.CUST_NUM	TABLE	SESSION.T_MTM_STAGE	CUST_NUM	INSERT_SELECT_MAP	60	0	        B.CUST_NUM,	PARSER
PROCEDURE	INTERFACE.PI_API_MTM_REVAL_DEMO	B.DEAL_NUM	TABLE	SESSION.T_MTM_STAGE	DEAL_NUM	INSERT_SELECT_MAP	61	0	        B.DEAL_NUM,	PARSER
PROCEDURE	INTERFACE.PI_API_MTM_REVAL_DEMO	B.DEAL_TYPE	TABLE	SESSION.T_MTM_STAGE	DEAL_TYPE	INSERT_SELECT_MAP	62	0	        B.DEAL_TYPE,	PARSER
PROCEDURE	INTERFACE.PI_API_MTM_REVAL_DEMO	B.CUR_MTM_AMT	TABLE	SESSION.T_MTM_STAGE	CUR_MTM_AMT	INSERT_SELECT_MAP	63	0	        B.CUR_MTM_AMT	PARSER
PROCEDURE	INTERFACE.PI_API_MTM_REVAL_DEMO		TABLE	SESSION.T_MTM_STAGE_ALL		INSERT_TABLE	66	0	    INSERT INTO SESSION.T_MTM_STAGE_ALL	PARSER
PROCEDURE	INTERFACE.PI_API_MTM_REVAL_DEMO		TABLE	SESSION.T_MTM_STAGE		SELECT_TABLE	66	1	    INSERT INTO SESSION.T_MTM_STAGE_ALL	PARSER
PROCEDURE	INTERFACE.PI_API_MTM_REVAL_DEMO		TABLE	SESSION.T_MTM_STAGE_ALL	CUST_NUM	INSERT_TARGET_COL	68	0	        CUST_NUM,	PARSER
PROCEDURE	INTERFACE.PI_API_MTM_REVAL_DEMO		TABLE	SESSION.T_MTM_STAGE_ALL	DEAL_NUM	INSERT_TARGET_COL	69	0	        DEAL_NUM,	PARSER
PROCEDURE	INTERFACE.PI_API_MTM_REVAL_DEMO		TABLE	SESSION.T_MTM_STAGE_ALL	DEAL_TYPE	INSERT_TARGET_COL	70	0	        DEAL_TYPE,	PARSER
PROCEDURE	INTERFACE.PI_API_MTM_REVAL_DEMO		TABLE	SESSION.T_MTM_STAGE_ALL	CUR_MTM_AMT	INSERT_TARGET_COL	71	0	        CUR_MTM_AMT	PARSER
PROCEDURE	INTERFACE.PI_API_MTM_REVAL_DEMO	S.CUST_NUM	TABLE	SESSION.T_MTM_STAGE_ALL	CUST_NUM	INSERT_SELECT_MAP	74	0	        S.CUST_NUM,	PARSER
PROCEDURE	INTERFACE.PI_API_MTM_REVAL_DEMO	S.DEAL_NUM	TABLE	SESSION.T_MTM_STAGE_ALL	DEAL_NUM	INSERT_SELECT_MAP	75	0	        S.DEAL_NUM,	PARSER
PROCEDURE	INTERFACE.PI_API_MTM_REVAL_DEMO	S.DEAL_TYPE	TABLE	SESSION.T_MTM_STAGE_ALL	DEAL_TYPE	INSERT_SELECT_MAP	76	0	        S.DEAL_TYPE,	PARSER
PROCEDURE	INTERFACE.PI_API_MTM_REVAL_DEMO	S.CUR_MTM_AMT	TABLE	SESSION.T_MTM_STAGE_ALL	CUR_MTM_AMT	INSERT_SELECT_MAP	77	0	        S.CUR_MTM_AMT	PARSER
PROCEDURE	INTERFACE.PI_API_MTM_REVAL_DEMO		TABLE	INTERFACE.API_MTM_REVAL		INSERT_TABLE	80	0	    INSERT INTO INTERFACE.API_MTM_REVAL	PARSER
PROCEDURE	INTERFACE.PI_API_MTM_REVAL_DEMO		TABLE	SESSION.T_MTM_STAGE		SELECT_TABLE	80	1	    INSERT INTO INTERFACE.API_MTM_REVAL	PARSER
PROCEDURE	INTERFACE.PI_API_MTM_REVAL_DEMO		TABLE	INTERFACE.API_MTM_REVAL	CUST_NUM	INSERT_TARGET_COL	82	0	        CUST_NUM,	PARSER
PROCEDURE	INTERFACE.PI_API_MTM_REVAL_DEMO		TABLE	INTERFACE.API_MTM_REVAL	DEAL_NUM	INSERT_TARGET_COL	83	0	        DEAL_NUM,	PARSER
PROCEDURE	INTERFACE.PI_API_MTM_REVAL_DEMO		TABLE	INTERFACE.API_MTM_REVAL	DEAL_TYPE	INSERT_TARGET_COL	84	0	        DEAL_TYPE,	PARSER
PROCEDURE	INTERFACE.PI_API_MTM_REVAL_DEMO		TABLE	INTERFACE.API_MTM_REVAL	CUR_MTM_AMT	INSERT_TARGET_COL	85	0	        CUR_MTM_AMT,	PARSER
PROCEDURE	INTERFACE.PI_API_MTM_REVAL_DEMO		TABLE	INTERFACE.API_MTM_REVAL	STATUS_CD	INSERT_TARGET_COL	86	0	        STATUS_CD,	PARSER
PROCEDURE	INTERFACE.PI_API_MTM_REVAL_DEMO		TABLE	INTERFACE.API_MTM_REVAL	LAST_UPD_TS	INSERT_TARGET_COL	87	0	        LAST_UPD_TS	PARSER
PROCEDURE	INTERFACE.PI_API_MTM_REVAL_DEMO	S.CUST_NUM	TABLE	INTERFACE.API_MTM_REVAL	CUST_NUM	INSERT_SELECT_MAP	90	0	        S.CUST_NUM,	PARSER
PROCEDURE	INTERFACE.PI_API_MTM_REVAL_DEMO	S.DEAL_NUM	TABLE	INTERFACE.API_MTM_REVAL	DEAL_NUM	INSERT_SELECT_MAP	91	0	        S.DEAL_NUM,	PARSER
PROCEDURE	INTERFACE.PI_API_MTM_REVAL_DEMO	S.DEAL_TYPE	TABLE	INTERFACE.API_MTM_REVAL	DEAL_TYPE	INSERT_SELECT_MAP	92	0	        S.DEAL_TYPE,	PARSER
PROCEDURE	INTERFACE.PI_API_MTM_REVAL_DEMO	S.CUR_MTM_AMT	TABLE	INTERFACE.API_MTM_REVAL	CUR_MTM_AMT	INSERT_SELECT_MAP	93	0	        S.CUR_MTM_AMT,	PARSER
PROCEDURE	INTERFACE.PI_API_MTM_REVAL_DEMO	V_STATUS	TABLE	INTERFACE.API_MTM_REVAL	STATUS_CD	INSERT_SELECT_MAP	94	0	        V_STATUS,	PARSER
PROCEDURE	INTERFACE.PI_API_MTM_REVAL_DEMO	CONSTANT:CURRENT TIMESTAMP	TABLE	INTERFACE.API_MTM_REVAL	LAST_UPD_TS	INSERT_SELECT_MAP	95	0	        CURRENT TIMESTAMP	PARSER
PROCEDURE	INTERFACE.PI_API_MTM_REVAL_DEMO		TABLE	INTERFACE.API_MTM_REVAL_STAR		INSERT_TABLE	98	0	    INSERT INTO INTERFACE.API_MTM_REVAL_STAR	PARSER
PROCEDURE	INTERFACE.PI_API_MTM_REVAL_DEMO		TABLE	SESSION.T_MTM_STAGE_ALL		SELECT_TABLE	98	1	    INSERT INTO INTERFACE.API_MTM_REVAL_STAR	PARSER
PROCEDURE	INTERFACE.PI_API_MTM_REVAL_DEMO		TABLE	INTERFACE.V_API_MTM_REVAL		INSERT_TABLE	102	0	    INSERT INTO INTERFACE.V_API_MTM_REVAL	PARSER
PROCEDURE	INTERFACE.PI_API_MTM_REVAL_DEMO		TABLE	FOS.API_MTM_REVAL		SELECT_TABLE	102	1	    INSERT INTO INTERFACE.V_API_MTM_REVAL	PARSER
PROCEDURE	INTERFACE.PI_API_MTM_REVAL_DEMO		TABLE	INTERFACE.V_API_MTM_REVAL	CUST_NUM	INSERT_TARGET_COL	104	0	        CUST_NUM,	PARSER
PROCEDURE	INTERFACE.PI_API_MTM_REVAL_DEMO		TABLE	INTERFACE.V_API_MTM_REVAL	DEAL_NUM	INSERT_TARGET_COL	105	0	        DEAL_NUM,	PARSER
PROCEDURE	INTERFACE.PI_API_MTM_REVAL_DEMO		TABLE	INTERFACE.V_API_MTM_REVAL	DEAL_TYPE	INSERT_TARGET_COL	106	0	        DEAL_TYPE,	PARSER
PROCEDURE	INTERFACE.PI_API_MTM_REVAL_DEMO	DEAL_TYPE	TABLE	INTERFACE.V_API_MTM_REVAL	DEAL_TYPE	INSERT_SELECT_MAP	106	1	        DEAL_TYPE,	PARSER
PROCEDURE	INTERFACE.PI_API_MTM_REVAL_DEMO		TABLE	INTERFACE.V_API_MTM_REVAL	CUR_MTM_AMT	INSERT_TARGET_COL	107	0	        CUR_MTM_AMT,	PARSER
PROCEDURE	INTERFACE.PI_API_MTM_REVAL_DEMO		TABLE	INTERFACE.V_API_MTM_REVAL	LAST_UPD_TS	INSERT_TARGET_COL	108	0	        LAST_UPD_TS	PARSER
PROCEDURE	INTERFACE.PI_API_MTM_REVAL_DEMO	CUSTOMER_NUMBER	TABLE	INTERFACE.V_API_MTM_REVAL	CUST_NUM	INSERT_SELECT_MAP	111	0	        CUSTOMER_NUMBER,	PARSER
PROCEDURE	INTERFACE.PI_API_MTM_REVAL_DEMO	DEAL_NUMBER	TABLE	INTERFACE.V_API_MTM_REVAL	DEAL_NUM	INSERT_SELECT_MAP	112	0	        DEAL_NUMBER,	PARSER
PROCEDURE	INTERFACE.PI_API_MTM_REVAL_DEMO	MTM_AMOUNT	TABLE	INTERFACE.V_API_MTM_REVAL	CUR_MTM_AMT	INSERT_SELECT_MAP	114	0	        MTM_AMOUNT,	PARSER
PROCEDURE	INTERFACE.PI_API_MTM_REVAL_DEMO	LAST_UPDATE_TS	TABLE	INTERFACE.V_API_MTM_REVAL	LAST_UPD_TS	INSERT_SELECT_MAP	115	0	        LAST_UPDATE_TS	PARSER
PROCEDURE	INTERFACE.PI_API_MTM_REVAL_DEMO		TABLE	INTERFACE.API_MTM_REVAL		UPDATE_TABLE	119	0	    UPDATE INTERFACE.API_MTM_REVAL T	PARSER
PROCEDURE	INTERFACE.PI_API_MTM_REVAL_DEMO		TABLE	INTERFACE.API_MTM_REVAL	STATUS_CD	UPDATE_TARGET_COL	120	0	       SET STATUS_CD = 'ACTIVE',	PARSER
PROCEDURE	INTERFACE.PI_API_MTM_REVAL_DEMO	CONSTANT:'ACTIVE'	UNKNOWN	UNKNOWN_UNRESOLVED_OBJECT		UPDATE_SET	120	1	       SET STATUS_CD = 'ACTIVE',	PARSER
PROCEDURE	INTERFACE.PI_API_MTM_REVAL_DEMO	CONSTANT:'ACTIVE'	TABLE	INTERFACE.API_MTM_REVAL	STATUS_CD	UPDATE_SET_MAP	120	2	       SET STATUS_CD = 'ACTIVE',	PARSER
PROCEDURE	INTERFACE.PI_API_MTM_REVAL_DEMO		TABLE	INTERFACE.API_MTM_REVAL	CUR_MTM_AMT	UPDATE_TARGET_COL	121	0	           CUR_MTM_AMT = (	PARSER
PROCEDURE	INTERFACE.PI_API_MTM_REVAL_DEMO	T.CUST_NUM	UNKNOWN	UNKNOWN_UNRESOLVED_OBJECT		WHERE	127	0	     WHERE T.CUST_NUM = P_CUST_NUM;	PARSER
PROCEDURE	INTERFACE.PI_API_MTM_REVAL_DEMO	P_CUST_NUM	UNKNOWN	UNKNOWN_UNRESOLVED_OBJECT		WHERE	127	1	     WHERE T.CUST_NUM = P_CUST_NUM;	PARSER
PROCEDURE	INTERFACE.PI_API_MTM_REVAL_DEMO		TABLE	INTERFACE.V_API_MTM_REVAL		UPDATE_TABLE	129	0	    UPDATE INTERFACE.V_API_MTM_REVAL V	PARSER
PROCEDURE	INTERFACE.PI_API_MTM_REVAL_DEMO		TABLE	INTERFACE.V_API_MTM_REVAL	DEAL_TYPE	UPDATE_TARGET_COL	130	0	       SET DEAL_TYPE = 'UPD'	PARSER
PROCEDURE	INTERFACE.PI_API_MTM_REVAL_DEMO	CONSTANT:'UPD'	UNKNOWN	UNKNOWN_UNRESOLVED_OBJECT		UPDATE_SET	130	1	       SET DEAL_TYPE = 'UPD'	PARSER
PROCEDURE	INTERFACE.PI_API_MTM_REVAL_DEMO	CONSTANT:'UPD'	TABLE	INTERFACE.V_API_MTM_REVAL	DEAL_TYPE	UPDATE_SET_MAP	130	2	       SET DEAL_TYPE = 'UPD'	PARSER
PROCEDURE	INTERFACE.PI_API_MTM_REVAL_DEMO	V.CUST_NUM	UNKNOWN	UNKNOWN_UNRESOLVED_OBJECT		WHERE	131	0	     WHERE V.CUST_NUM = P_CUST_NUM;	PARSER
PROCEDURE	INTERFACE.PI_API_MTM_REVAL_DEMO	P_CUST_NUM	UNKNOWN	UNKNOWN_UNRESOLVED_OBJECT		WHERE	131	1	     WHERE V.CUST_NUM = P_CUST_NUM;	PARSER
PROCEDURE	INTERFACE.PI_API_MTM_REVAL_DEMO		TABLE	INTERFACE.API_MTM_REVAL		DELETE_TABLE	133	0	    DELETE FROM INTERFACE.API_MTM_REVAL	PARSER
PROCEDURE	INTERFACE.PI_API_MTM_REVAL_DEMO		VIEW	INTERFACE.V_API_MTM_REVAL		DELETE_VIEW	136	0	    DELETE FROM INTERFACE.V_API_MTM_REVAL	PARSER
PROCEDURE	INTERFACE.PI_API_MTM_REVAL_DEMO		TABLE	INTERFACE.API_MTM_REVAL		MERGE_INTO	139	0	    MERGE INTO INTERFACE.API_MTM_REVAL T	PARSER
PROCEDURE	INTERFACE.PI_API_MTM_REVAL_DEMO		TABLE	SESSION.T_MTM_STAGE		SELECT_TABLE	139	1	    MERGE INTO INTERFACE.API_MTM_REVAL T	PARSER
PROCEDURE	INTERFACE.PI_API_MTM_REVAL_DEMO		TABLE	INTERFACE.API_MTM_REVAL	DEAL_NUM	MERGE_TARGET_COL	141	0	       ON T.DEAL_NUM = S.DEAL_NUM	PARSER
PROCEDURE	INTERFACE.PI_API_MTM_REVAL_DEMO	T.DEAL_NUM	UNKNOWN	UNKNOWN_UNRESOLVED_OBJECT		MERGE_MATCH	141	1	       ON T.DEAL_NUM = S.DEAL_NUM	PARSER
PROCEDURE	INTERFACE.PI_API_MTM_REVAL_DEMO	S.DEAL_NUM	UNKNOWN	UNKNOWN_UNRESOLVED_OBJECT		MERGE_MATCH	141	2	       ON T.DEAL_NUM = S.DEAL_NUM	PARSER
PROCEDURE	INTERFACE.PI_API_MTM_REVAL_DEMO	S.DEAL_NUM	TABLE	INTERFACE.API_MTM_REVAL	DEAL_NUM	MERGE_INSERT_MAP	141	3	       ON T.DEAL_NUM = S.DEAL_NUM	PARSER
PROCEDURE	INTERFACE.PI_API_MTM_REVAL_DEMO		TABLE	INTERFACE.API_MTM_REVAL	CUR_MTM_AMT	MERGE_TARGET_COL	144	0	             T.CUR_MTM_AMT = S.CUR_MTM_AMT,	PARSER
PROCEDURE	INTERFACE.PI_API_MTM_REVAL_DEMO	S.CUR_MTM_AMT	UNKNOWN	UNKNOWN_UNRESOLVED_OBJECT		UPDATE_SET	144	1	             T.CUR_MTM_AMT = S.CUR_MTM_AMT,	PARSER
PROCEDURE	INTERFACE.PI_API_MTM_REVAL_DEMO	S.CUR_MTM_AMT	TABLE	INTERFACE.API_MTM_REVAL	CUR_MTM_AMT	MERGE_SET_MAP	144	2	             T.CUR_MTM_AMT = S.CUR_MTM_AMT,	PARSER
PROCEDURE	INTERFACE.PI_API_MTM_REVAL_DEMO	S.CUR_MTM_AMT	TABLE	INTERFACE.API_MTM_REVAL	CUR_MTM_AMT	MERGE_INSERT_MAP	144	3	             T.CUR_MTM_AMT = S.CUR_MTM_AMT,	PARSER
PROCEDURE	INTERFACE.PI_API_MTM_REVAL_DEMO		TABLE	INTERFACE.API_MTM_REVAL	STATUS_CD	MERGE_TARGET_COL	145	0	             T.STATUS_CD = 'MERGED'	PARSER
PROCEDURE	INTERFACE.PI_API_MTM_REVAL_DEMO	CONSTANT:'MERGED'	UNKNOWN	UNKNOWN_UNRESOLVED_OBJECT		UPDATE_SET	145	1	             T.STATUS_CD = 'MERGED'	PARSER
PROCEDURE	INTERFACE.PI_API_MTM_REVAL_DEMO	CONSTANT:'MERGED'	TABLE	INTERFACE.API_MTM_REVAL	STATUS_CD	MERGE_SET_MAP	145	2	             T.STATUS_CD = 'MERGED'	PARSER
PROCEDURE	INTERFACE.PI_API_MTM_REVAL_DEMO		TABLE	INTERFACE.API_MTM_REVAL	CUST_NUM	MERGE_TARGET_COL	149	0	             CUST_NUM,	PARSER
PROCEDURE	INTERFACE.PI_API_MTM_REVAL_DEMO		TABLE	INTERFACE.API_MTM_REVAL	DEAL_TYPE	MERGE_TARGET_COL	151	0	             DEAL_TYPE,	PARSER
PROCEDURE	INTERFACE.PI_API_MTM_REVAL_DEMO		TABLE	INTERFACE.API_MTM_REVAL	LAST_UPD_TS	MERGE_TARGET_COL	154	0	             LAST_UPD_TS	PARSER
PROCEDURE	INTERFACE.PI_API_MTM_REVAL_DEMO	S.CUST_NUM	TABLE	INTERFACE.API_MTM_REVAL	CUST_NUM	MERGE_INSERT_MAP	158	0	             S.CUST_NUM,	PARSER
PROCEDURE	INTERFACE.PI_API_MTM_REVAL_DEMO	S.DEAL_TYPE	TABLE	INTERFACE.API_MTM_REVAL	DEAL_TYPE	MERGE_INSERT_MAP	160	0	             S.DEAL_TYPE,	PARSER
PROCEDURE	INTERFACE.PI_API_MTM_REVAL_DEMO	CONSTANT:'NEW'	TABLE	INTERFACE.API_MTM_REVAL	STATUS_CD	MERGE_INSERT_MAP	162	0	             'NEW',	PARSER
PROCEDURE	INTERFACE.PI_API_MTM_REVAL_DEMO	CONSTANT:CURRENT TIMESTAMP	TABLE	INTERFACE.API_MTM_REVAL	LAST_UPD_TS	MERGE_INSERT_MAP	163	0	             CURRENT TIMESTAMP	PARSER
PROCEDURE	INTERFACE.PI_API_MTM_REVAL_DEMO		TABLE	INTERFACE.V_API_MTM_REVAL		MERGE_INTO	166	0	    MERGE INTO INTERFACE.V_API_MTM_REVAL V	PARSER
PROCEDURE	INTERFACE.PI_API_MTM_REVAL_DEMO		TABLE	SESSION.T_MTM_STAGE		SELECT_TABLE	166	1	    MERGE INTO INTERFACE.V_API_MTM_REVAL V	PARSER
PROCEDURE	INTERFACE.PI_API_MTM_REVAL_DEMO		TABLE	INTERFACE.V_API_MTM_REVAL	DEAL_NUM	MERGE_TARGET_COL	168	0	       ON V.DEAL_NUM = S.DEAL_NUM	PARSER
PROCEDURE	INTERFACE.PI_API_MTM_REVAL_DEMO	V.DEAL_NUM	UNKNOWN	UNKNOWN_UNRESOLVED_OBJECT		MERGE_MATCH	168	1	       ON V.DEAL_NUM = S.DEAL_NUM	PARSER
PROCEDURE	INTERFACE.PI_API_MTM_REVAL_DEMO	S.DEAL_NUM	UNKNOWN	UNKNOWN_UNRESOLVED_OBJECT		MERGE_MATCH	168	2	       ON V.DEAL_NUM = S.DEAL_NUM	PARSER
PROCEDURE	INTERFACE.PI_API_MTM_REVAL_DEMO	S.DEAL_NUM	TABLE	INTERFACE.V_API_MTM_REVAL	DEAL_NUM	MERGE_INSERT_MAP	168	3	       ON V.DEAL_NUM = S.DEAL_NUM	PARSER
PROCEDURE	INTERFACE.PI_API_MTM_REVAL_DEMO		TABLE	INTERFACE.V_API_MTM_REVAL	CUR_MTM_AMT	MERGE_TARGET_COL	171	0	             V.CUR_MTM_AMT = S.CUR_MTM_AMT	PARSER
PROCEDURE	INTERFACE.PI_API_MTM_REVAL_DEMO	S.CUR_MTM_AMT	UNKNOWN	UNKNOWN_UNRESOLVED_OBJECT		UPDATE_SET	171	1	             V.CUR_MTM_AMT = S.CUR_MTM_AMT	PARSER
PROCEDURE	INTERFACE.PI_API_MTM_REVAL_DEMO	S.CUR_MTM_AMT	TABLE	INTERFACE.V_API_MTM_REVAL	CUR_MTM_AMT	MERGE_SET_MAP	171	2	             V.CUR_MTM_AMT = S.CUR_MTM_AMT	PARSER
PROCEDURE	INTERFACE.PI_API_MTM_REVAL_DEMO	S.CUR_MTM_AMT	TABLE	INTERFACE.V_API_MTM_REVAL	CUR_MTM_AMT	MERGE_INSERT_MAP	171	3	             V.CUR_MTM_AMT = S.CUR_MTM_AMT	PARSER
PROCEDURE	INTERFACE.PI_API_MTM_REVAL_DEMO		TABLE	INTERFACE.V_API_MTM_REVAL	CUST_NUM	MERGE_TARGET_COL	175	0	             CUST_NUM,	PARSER
PROCEDURE	INTERFACE.PI_API_MTM_REVAL_DEMO		TABLE	INTERFACE.V_API_MTM_REVAL	DEAL_TYPE	MERGE_TARGET_COL	177	0	             DEAL_TYPE,	PARSER
PROCEDURE	INTERFACE.PI_API_MTM_REVAL_DEMO		TABLE	INTERFACE.V_API_MTM_REVAL	LAST_UPD_TS	MERGE_TARGET_COL	179	0	             LAST_UPD_TS	PARSER
PROCEDURE	INTERFACE.PI_API_MTM_REVAL_DEMO	S.CUST_NUM	TABLE	INTERFACE.V_API_MTM_REVAL	CUST_NUM	MERGE_INSERT_MAP	183	0	             S.CUST_NUM,	PARSER
PROCEDURE	INTERFACE.PI_API_MTM_REVAL_DEMO	S.DEAL_TYPE	TABLE	INTERFACE.V_API_MTM_REVAL	DEAL_TYPE	MERGE_INSERT_MAP	185	0	             S.DEAL_TYPE,	PARSER
PROCEDURE	INTERFACE.PI_API_MTM_REVAL_DEMO	CONSTANT:CURRENT TIMESTAMP	TABLE	INTERFACE.V_API_MTM_REVAL	LAST_UPD_TS	MERGE_INSERT_MAP	187	0	             CURRENT TIMESTAMP	PARSER
PROCEDURE	INTERFACE.PI_API_MTM_REVAL_DEMO		PROCEDURE	RPT.PR_AUDIT_MTM_REVAL		CALL_PROCEDURE	190	0	    CALL RPT.PR_AUDIT_MTM_REVAL(P_CUST_NUM, 'D001', 'DONE');	REGEX
PROCEDURE	INTERFACE.PI_API_MTM_REVAL_DEMO	P_CUST_NUM	PROCEDURE	RPT.PR_AUDIT_MTM_REVAL	P_CUST_NUM	CALL_PARAM_MAP	190	1	    CALL RPT.PR_AUDIT_MTM_REVAL(P_CUST_NUM, 'D001', 'DONE');	REGEX
PROCEDURE	INTERFACE.PI_API_MTM_REVAL_DEMO	CONSTANT:'D001'	PROCEDURE	RPT.PR_AUDIT_MTM_REVAL	P_DEAL_NUM	CALL_PARAM_MAP	190	2	    CALL RPT.PR_AUDIT_MTM_REVAL(P_CUST_NUM, 'D001', 'DONE');	REGEX
PROCEDURE	INTERFACE.PI_API_MTM_REVAL_DEMO	CONSTANT:'DONE'	PROCEDURE	RPT.PR_AUDIT_MTM_REVAL	P_ACTION	CALL_PARAM_MAP	190	3	    CALL RPT.PR_AUDIT_MTM_REVAL(P_CUST_NUM, 'D001', 'DONE');	REGEX
PROCEDURE	INTERFACE.PI_API_MTM_REVAL_DEMO		TABLE	INTERFACE.MTM_REVAL_TMP_COPY		INSERT_TABLE	192	0	    INSERT INTO INTERFACE.MTM_REVAL_TMP_COPY	PARSER
PROCEDURE	INTERFACE.PI_API_MTM_REVAL_DEMO		TABLE	INTERFACE.API_MTM_REVAL		SELECT_TABLE	192	1	    INSERT INTO INTERFACE.MTM_REVAL_TMP_COPY	PARSER
PROCEDURE	INTERFACE.PI_API_MTM_REVAL_DEMO		TABLE	INTERFACE.MTM_REVAL_TMP_COPY	CUST_NUM	INSERT_TARGET_COL	194	0	        CUST_NUM,	PARSER
PROCEDURE	INTERFACE.PI_API_MTM_REVAL_DEMO	CUST_NUM	TABLE	INTERFACE.MTM_REVAL_TMP_COPY	CUST_NUM	INSERT_SELECT_MAP	194	1	        CUST_NUM,	PARSER
PROCEDURE	INTERFACE.PI_API_MTM_REVAL_DEMO		TABLE	INTERFACE.MTM_REVAL_TMP_COPY	DEAL_NUM	INSERT_TARGET_COL	195	0	        DEAL_NUM,	PARSER
PROCEDURE	INTERFACE.PI_API_MTM_REVAL_DEMO	DEAL_NUM	TABLE	INTERFACE.MTM_REVAL_TMP_COPY	DEAL_NUM	INSERT_SELECT_MAP	195	1	        DEAL_NUM,	PARSER
PROCEDURE	INTERFACE.PI_API_MTM_REVAL_DEMO		TABLE	INTERFACE.MTM_REVAL_TMP_COPY	CUR_MTM_AMT	INSERT_TARGET_COL	196	0	        CUR_MTM_AMT	PARSER
PROCEDURE	INTERFACE.PI_API_MTM_REVAL_DEMO	CUR_MTM_AMT	TABLE	INTERFACE.MTM_REVAL_TMP_COPY	CUR_MTM_AMT	INSERT_SELECT_MAP	196	1	        CUR_MTM_AMT	PARSER
PROCEDURE	INTERFACE.PI_API_MTM_REVAL_DEMO		UNKNOWN	UNKNOWN_UNSUPPORTED_STATEMENT		UNKNOWN	204	0	    TRUNCATE TABLE INTERFACE.MTM_REVAL_HIST IMMEDIATE;	PARSER
PROCEDURE	INTERFACE.PI_GRAPH_DEMO		PROCEDURE	INTERFACE.PI_GRAPH_DEMO		CREATE_PROCEDURE	1	0	CREATE OR REPLACE PROCEDURE INTERFACE.PI_GRAPH_DEMO()	PARSER
PROCEDURE	INTERFACE.PI_GRAPH_DEMO		SESSION_TABLE	SESSION.T_GRAPH_STAGE		CREATE_TABLE	5	0	    DECLARE GLOBAL TEMPORARY TABLE SESSION.T_GRAPH_STAGE	REGEX
PROCEDURE	INTERFACE.PI_GRAPH_DEMO		TABLE	TABLE_A		INSERT_TABLE	12	0	    INSERT INTO TABLE_A	PARSER
PROCEDURE	INTERFACE.PI_GRAPH_DEMO		TABLE	SESSION.T_GRAPH_STAGE		SELECT_TABLE	12	1	    INSERT INTO TABLE_A	PARSER
PROCEDURE	INTERFACE.PI_GRAPH_DEMO		TABLE	TABLE_A	COL_A	INSERT_TARGET_COL	14	0	        COL_A	PARSER
PROCEDURE	INTERFACE.PI_GRAPH_DEMO	S.COL_A	TABLE	TABLE_A	COL_A	INSERT_SELECT_MAP	17	0	        S.COL_A	PARSER
PROCEDURE	INTERFACE.PI_GRAPH_DEMO		TABLE	TABLE_B		INSERT_TABLE	20	0	    INSERT INTO TABLE_B	PARSER
PROCEDURE	INTERFACE.PI_GRAPH_DEMO		TABLE	SESSION.T_GRAPH_STAGE		SELECT_TABLE	20	1	    INSERT INTO TABLE_B	PARSER
PROCEDURE	INTERFACE.PI_GRAPH_DEMO		TABLE	TABLE_B	COL_B	INSERT_TARGET_COL	22	0	        COL_B	PARSER
PROCEDURE	INTERFACE.PI_GRAPH_DEMO	S.COL_A	TABLE	TABLE_B	COL_B	INSERT_SELECT_MAP	25	0	        S.COL_A	PARSER
PROCEDURE	INTERFACE.PI_GRAPH_DEMO		TABLE	TABLE_C		INSERT_TABLE	28	0	    INSERT INTO TABLE_C	PARSER
PROCEDURE	INTERFACE.PI_GRAPH_DEMO		TABLE	TABLE_A		SELECT_TABLE	28	1	    INSERT INTO TABLE_C	PARSER
PROCEDURE	INTERFACE.PI_GRAPH_DEMO		TABLE	TABLE_C	COL_C	INSERT_TARGET_COL	30	0	        COL_C	PARSER
PROCEDURE	INTERFACE.PI_GRAPH_DEMO	A.COL_A	TABLE	TABLE_C	COL_C	INSERT_SELECT_MAP	33	0	        A.COL_A	PARSER
PROCEDURE	INTERFACE.PI_GRAPH_DEMO		TABLE	TABLE_B		INSERT_TABLE	36	0	    INSERT INTO TABLE_B	PARSER
PROCEDURE	INTERFACE.PI_GRAPH_DEMO		TABLE	TABLE_C		SELECT_TABLE	36	1	    INSERT INTO TABLE_B	PARSER
PROCEDURE	INTERFACE.PI_GRAPH_DEMO		TABLE	TABLE_B	COL_B	INSERT_TARGET_COL	38	0	        COL_B	PARSER
PROCEDURE	INTERFACE.PI_GRAPH_DEMO	C.COL_C	TABLE	TABLE_B	COL_B	INSERT_SELECT_MAP	41	0	        C.COL_C	PARSER
PROCEDURE	LOOP_DEMO_PROC		PROCEDURE	LOOP_DEMO_PROC		CREATE_PROCEDURE	1	0	CREATE OR REPLACE PROCEDURE LOOP_DEMO_PROC (IN P_LIMIT INT)	PARSER
PROCEDURE	LOOP_DEMO_PROC	V_COUNTER	PROCEDURE	LOOP_DEMO_PROC		CONTROL_FLOW_CONDITION	7	0	    WHILE V_COUNTER < P_LIMIT DO	REGEX
PROCEDURE	LOOP_DEMO_PROC	P_LIMIT	PROCEDURE	LOOP_DEMO_PROC		CONTROL_FLOW_CONDITION	7	1	    WHILE V_COUNTER < P_LIMIT DO	REGEX
PROCEDURE	LOOP_DEMO_PROC		UNKNOWN	UNKNOWN_UNSUPPORTED_STATEMENT		UNKNOWN	12	0	    FOR V_REC AS SELECT DEAL_NUM, CUR_MTM_AMT FROM INTERFACE.API_MTM_REVAL	PARSER
PROCEDURE	RPT.PR_AUDIT_MTM_REVAL		PROCEDURE	RPT.PR_AUDIT_MTM_REVAL		CREATE_PROCEDURE	1	0	CREATE OR REPLACE PROCEDURE RPT.PR_AUDIT_MTM_REVAL	PARSER
PROCEDURE	RPT.PR_AUDIT_MTM_REVAL		TABLE	RPT.MTM_REVAL_AUDIT		INSERT_TABLE	10	0	    INSERT INTO RPT.MTM_REVAL_AUDIT	PARSER
PROCEDURE	RPT.PR_AUDIT_MTM_REVAL		TABLE	RPT.MTM_REVAL_AUDIT	AUDIT_ID	INSERT_TARGET_COL	12	0	        AUDIT_ID,	PARSER
PROCEDURE	RPT.PR_AUDIT_MTM_REVAL		TABLE	RPT.MTM_REVAL_AUDIT	CUST_NUM	INSERT_TARGET_COL	13	0	        CUST_NUM,	PARSER
PROCEDURE	RPT.PR_AUDIT_MTM_REVAL		TABLE	RPT.MTM_REVAL_AUDIT	DEAL_NUM	INSERT_TARGET_COL	14	0	        DEAL_NUM,	PARSER
PROCEDURE	RPT.PR_AUDIT_MTM_REVAL		TABLE	RPT.MTM_REVAL_AUDIT	ACTION_CD	INSERT_TARGET_COL	15	0	        ACTION_CD,	PARSER
PROCEDURE	RPT.PR_AUDIT_MTM_REVAL		TABLE	RPT.MTM_REVAL_AUDIT	AUDIT_TS	INSERT_TARGET_COL	16	0	        AUDIT_TS	PARSER
PROCEDURE	RPT.PR_AUDIT_MTM_REVAL	CONSTANT:1	TABLE	RPT.MTM_REVAL_AUDIT	AUDIT_ID	INSERT_SELECT_MAP	20	0	        1,	PARSER
PROCEDURE	RPT.PR_AUDIT_MTM_REVAL	P_CUST_NUM	TABLE	RPT.MTM_REVAL_AUDIT	CUST_NUM	INSERT_SELECT_MAP	21	0	        P_CUST_NUM,	PARSER
PROCEDURE	RPT.PR_AUDIT_MTM_REVAL	P_DEAL_NUM	TABLE	RPT.MTM_REVAL_AUDIT	DEAL_NUM	INSERT_SELECT_MAP	22	0	        P_DEAL_NUM,	PARSER
PROCEDURE	RPT.PR_AUDIT_MTM_REVAL	P_ACTION	TABLE	RPT.MTM_REVAL_AUDIT	ACTION_CD	INSERT_SELECT_MAP	23	0	        P_ACTION,	PARSER
PROCEDURE	RPT.PR_AUDIT_MTM_REVAL	CONSTANT:CURRENT TIMESTAMP	TABLE	RPT.MTM_REVAL_AUDIT	AUDIT_TS	INSERT_SELECT_MAP	24	0	        CURRENT TIMESTAMP	PARSER
PROCEDURE	RPT.PR_TEST_DEMO		PROCEDURE	RPT.PR_TEST_DEMO		CREATE_PROCEDURE	1	0	CREATE PROCEDURE RPT.PR_TEST_DEMO	PARSER
PROCEDURE	RPT.PR_TEST_DEMO		SESSION_TABLE	SESSION.TMP_STO_EVENT_SOURCE		CREATE_TABLE	68	0	    DECLARE GLOBAL TEMPORARY TABLE SESSION.TMP_STO_EVENT_SOURCE	REGEX
PROCEDURE	RPT.PR_TEST_DEMO	CONSTANT:SQLSTATE	VARIABLE	RPT.PR_TEST_DEMO	lv_sqlstate	SPECIAL_REGISTER_MAP	99	0	        SET lv_sqlstate = SQLSTATE;	REGEX
PROCEDURE	RPT.PR_TEST_DEMO	CONSTANT:SQLEXCEPTION	PROCEDURE	RPT.PR_TEST_DEMO		EXCEPTION_HANDLER_MAP	100	0	    DECLARE EXIT HANDLER FOR SQLEXCEPTION	REGEX
PROCEDURE	RPT.PR_TEST_DEMO	CONSTANT:SQLCODE	VARIABLE	RPT.PR_TEST_DEMO	ln_sqlcode	SPECIAL_REGISTER_MAP	102	0	        SET ln_sqlcode = SQLCODE;	REGEX
PROCEDURE	RPT.PR_TEST_DEMO	CONSTANT:MESSAGE_TEXT	VARIABLE	RPT.PR_TEST_DEMO	lv_message_text	DIAGNOSTICS_FETCH_MAP	102	1	        GET DIAGNOSTICS EXCEPTION 1 lv_message_text = MESSAGE_TEXT;	REGEX
PROCEDURE	RPT.PR_TEST_DEMO	CONSTANT:ROW_COUNT	VARIABLE	RPT.PR_TEST_DEMO	lv_row_count	DIAGNOSTICS_FETCH_MAP	102	2	        GET DIAGNOSTICS lv_row_count = ROW_COUNT;	REGEX
PROCEDURE	RPT.PR_TEST_DEMO	COALESCE	VARIABLE	RPT.PR_TEST_DEMO	lv_error_message	FUNCTION_EXPR_MAP	108	0	           || ' Product Type: ' || COALESCE(p_product_type, '')	PARSER
PROCEDURE	RPT.PR_TEST_DEMO	CHAR	VARIABLE	RPT.PR_TEST_DEMO	lv_error_message	FUNCTION_EXPR_MAP	113	0	           || ' SQLCODE: '      || CHAR(ln_sqlcode)	PARSER
PROCEDURE	RPT.PR_TEST_DEMO		PROCEDURE	TEMP.PR_PROCEDURE_LOG		CALL_PROCEDURE	116	0	        CALL TEMP.PR_PROCEDURE_LOG(	PARSER
PROCEDURE	RPT.PR_TEST_DEMO	CONSTANT:NOT FOUND	PROCEDURE	RPT.PR_TEST_DEMO		EXCEPTION_HANDLER_MAP	133	0	    DECLARE CONTINUE HANDLER FOR NOT FOUND	REGEX
PROCEDURE	RPT.PR_TEST_DEMO		CURSOR	c_event_detail		CURSOR_DEFINE	139	0	    DECLARE c_event_detail CURSOR FOR	REGEX
PROCEDURE	RPT.PR_TEST_DEMO		PROCEDURE	TEMP.PR_PROCEDURE_LOG		CALL_PROCEDURE	166	0	    CALL TEMP.PR_PROCEDURE_LOG(	PARSER
PROCEDURE	RPT.PR_TEST_DEMO	CONSTANT:'Position: Get business date and control parameters'	VARIABLE	RPT.PR_TEST_DEMO	lv_err_pos	VARIABLE_SET_MAP	176	0	    SET lv_err_pos = 'Position: Get business date and control parameters';	PARSER
PROCEDURE	RPT.PR_TEST_DEMO		TABLE	TEMP.SYS_WHERE		SELECT_TABLE	178	0	    SELECT BIZ_DT,	PARSER
PROCEDURE	RPT.PR_TEST_DEMO	BIZ_DT	UNKNOWN	UNKNOWN_UNRESOLVED_OBJECT		SELECT_FIELD	178	1	    SELECT BIZ_DT,	PARSER
PROCEDURE	RPT.PR_TEST_DEMO	PREV_BIZ_DT	UNKNOWN	UNKNOWN_UNRESOLVED_OBJECT		SELECT_FIELD	179	0	           PREV_BIZ_DT,	PARSER
PROCEDURE	RPT.PR_TEST_DEMO	NEXT_BIZ_DT	UNKNOWN	UNKNOWN_UNRESOLVED_OBJECT		SELECT_FIELD	180	0	           NEXT_BIZ_DT,	PARSER
PROCEDURE	RPT.PR_TEST_DEMO	MONTH_FLAG	UNKNOWN	UNKNOWN_UNRESOLVED_OBJECT		SELECT_FIELD	181	0	           MONTH_FLAG,	PARSER
PROCEDURE	RPT.PR_TEST_DEMO	REGION_CD	UNKNOWN	UNKNOWN_UNRESOLVED_OBJECT		SELECT_FIELD	182	0	           REGION_CD	PARSER
PROCEDURE	RPT.PR_TEST_DEMO	SYS_CD	UNKNOWN	UNKNOWN_UNRESOLVED_OBJECT		WHERE	189	0	     WHERE SYS_CD = 'FOS';	PARSER
PROCEDURE	RPT.PR_TEST_DEMO	CONSTANT:'FOS'	UNKNOWN	UNKNOWN_UNRESOLVED_OBJECT		WHERE	189	1	     WHERE SYS_CD = 'FOS';	PARSER
PROCEDURE	RPT.PR_TEST_DEMO	TEMP.FN_GET_ACTUAL_MONTH_BEGIN_DATE	VARIABLE	RPT.PR_TEST_DEMO	ld_actual_month_begin_date	FUNCTION_EXPR_MAP	192	0	    SET ld_actual_month_begin_date = TEMP.FN_GET_ACTUAL_MONTH_BEGIN_DATE();	REGEX
PROCEDURE	RPT.PR_TEST_DEMO	TEMP.FN_GET_ACTUAL_MONTH_END_DATE	VARIABLE	RPT.PR_TEST_DEMO	ld_actual_month_end_date	FUNCTION_EXPR_MAP	192	1	    SET ld_actual_month_end_date   = TEMP.FN_GET_ACTUAL_MONTH_END_DATE();	REGEX
PROCEDURE	RPT.PR_TEST_DEMO		UNKNOWN	UNKNOWN_UNSUPPORTED_STATEMENT		UNKNOWN	194	0	    SET ld_end_date =	PARSER
PROCEDURE	TEMP.PR_EXTRACT_LOAN_RISK_DTL		PROCEDURE	TEMP.PR_EXTRACT_LOAN_RISK_DTL		CREATE_PROCEDURE	1	0	CREATE PROCEDURE TEMP.PR_EXTRACT_LOAN_RISK_DTL ()	PARSER
PROCEDURE	TEMP.PR_EXTRACT_LOAN_RISK_DTL		UNKNOWN	UNKNOWN_UNSUPPORTED_STATEMENT		UNKNOWN	6	0	    /***************************************************************	PARSER
PROCEDURE	TEMP.PR_EXTRACT_LOAN_RISK_DTL	CONSTANT:SQLEXCEPTION	PROCEDURE	TEMP.PR_EXTRACT_LOAN_RISK_DTL		EXCEPTION_HANDLER_MAP	46	0	    DECLARE EXIT HANDLER FOR SQLEXCEPTION	REGEX
PROCEDURE	TEMP.PR_EXTRACT_LOAN_RISK_DTL		PROCEDURE	TEMP.PR_PROCEDURE_LOG		CALL_PROCEDURE	46	1	        CALL TEMP.PR_PROCEDURE_LOG(	PARSER
PROCEDURE	TEMP.PR_EXTRACT_LOAN_RISK_DTL	CONSTANT:MESSAGE_TEXT	VARIABLE	TEMP.PR_EXTRACT_LOAN_RISK_DTL	l_err_msg	DIAGNOSTICS_FETCH_MAP	48	0	        GET DIAGNOSTICS EXCEPTION 1 l_err_msg = MESSAGE_TEXT;	REGEX
PROCEDURE	TEMP.PR_EXTRACT_LOAN_RISK_DTL		UNKNOWN	UNKNOWN_UNSUPPORTED_STATEMENT		UNKNOWN	54	0	        RESIGNAL;	PARSER
PROCEDURE	TEMP.PR_EXTRACT_LOAN_RISK_DTL	CONSTANT:NOT FOUND	PROCEDURE	TEMP.PR_EXTRACT_LOAN_RISK_DTL		EXCEPTION_HANDLER_MAP	58	0	    DECLARE CONTINUE HANDLER FOR NOT FOUND	REGEX
PROCEDURE	TEMP.PR_EXTRACT_LOAN_RISK_DTL		PROCEDURE	TEMP.PR_PROCEDURE_LOG		CALL_PROCEDURE	60	0	        CALL TEMP.PR_PROCEDURE_LOG(	PARSER
PROCEDURE	TEMP.PR_EXTRACT_LOAN_RISK_DTL	CONSTANT:CURRENT DATE	VARIABLE	TEMP.PR_EXTRACT_LOAN_RISK_DTL	l_report_date	VARIABLE_SET_MAP	71	0	    SET l_report_date        = CURRENT DATE - 1 DAY;	PARSER
PROCEDURE	TEMP.PR_EXTRACT_LOAN_RISK_DTL	CONSTANT:1	VARIABLE	TEMP.PR_EXTRACT_LOAN_RISK_DTL	l_report_date	VARIABLE_SET_MAP	71	1	    SET l_report_date        = CURRENT DATE - 1 DAY;	PARSER
PROCEDURE	TEMP.PR_EXTRACT_LOAN_RISK_DTL	CONSTANT:CURRENT DATE	VARIABLE	TEMP.PR_EXTRACT_LOAN_RISK_DTL	l_next_business_date	SPECIAL_REGISTER_MAP	72	0	    SET l_next_business_date = CURRENT DATE;	REGEX
PROCEDURE	TEMP.PR_EXTRACT_LOAN_RISK_DTL	CONSTANT:'HK'	VARIABLE	TEMP.PR_EXTRACT_LOAN_RISK_DTL	l_country_code	VARIABLE_SET_MAP	73	0	    SET l_country_code       = 'HK';	PARSER
PROCEDURE	TEMP.PR_EXTRACT_LOAN_RISK_DTL	CONSTANT:'HKD'	VARIABLE	TEMP.PR_EXTRACT_LOAN_RISK_DTL	l_reporting_ccy	VARIABLE_SET_MAP	74	0	    SET l_reporting_ccy      = 'HKD';	PARSER
PROCEDURE	TEMP.PR_EXTRACT_LOAN_RISK_DTL	CONSTANT:'Y'	VARIABLE	TEMP.PR_EXTRACT_LOAN_RISK_DTL	l_is_hk	VARIABLE_SET_MAP	75	0	    SET l_is_hk              = 'Y';	PARSER
PROCEDURE	TEMP.PR_EXTRACT_LOAN_RISK_DTL	CONSTANT:'N'	VARIABLE	TEMP.PR_EXTRACT_LOAN_RISK_DTL	l_is_sg	VARIABLE_SET_MAP	76	0	    SET l_is_sg              = 'N';	PARSER
PROCEDURE	TEMP.PR_EXTRACT_LOAN_RISK_DTL	CONSTANT:CURRENT TIMESTAMP	FUNCTION	VARCHAR_FORMAT	$1	FUNCTION_PARAM_MAP	77	0	    SET l_batch_id           = VARCHAR_FORMAT(CURRENT TIMESTAMP, 'YYYYMMDDHH24MISS');	REGEX
PROCEDURE	TEMP.PR_EXTRACT_LOAN_RISK_DTL	CONSTANT:'YYYYMMDDHH24MISS'	FUNCTION	VARCHAR_FORMAT	$2	FUNCTION_PARAM_MAP	77	1	    SET l_batch_id           = VARCHAR_FORMAT(CURRENT TIMESTAMP, 'YYYYMMDDHH24MISS');	REGEX
PROCEDURE	TEMP.PR_EXTRACT_LOAN_RISK_DTL	VARCHAR_FORMAT	VARIABLE	TEMP.PR_EXTRACT_LOAN_RISK_DTL	l_batch_id	FUNCTION_EXPR_MAP	77	2	    SET l_batch_id           = VARCHAR_FORMAT(CURRENT TIMESTAMP, 'YYYYMMDDHH24MISS');	REGEX
PROCEDURE	TEMP.PR_EXTRACT_LOAN_RISK_DTL		PROCEDURE	TEMP.PR_PROCEDURE_LOG		CALL_PROCEDURE	79	0	    CALL TEMP.PR_PROCEDURE_LOG(	PARSER
PROCEDURE	TEMP.PR_EXTRACT_LOAN_RISK_DTL		TABLE	CFG.RPT_CONTROL		SELECT_TABLE	89	0	    SELECT COALESCE(MAX(ctrl_flag), 'N')	PARSER
PROCEDURE	TEMP.PR_EXTRACT_LOAN_RISK_DTL	FUNCTION:COALESCE	UNKNOWN	UNKNOWN_UNRESOLVED_OBJECT		SELECT_EXPR	89	1	    SELECT COALESCE(MAX(ctrl_flag), 'N')	PARSER
PROCEDURE	TEMP.PR_EXTRACT_LOAN_RISK_DTL	FUNCTION:MAX	UNKNOWN	UNKNOWN_UNRESOLVED_OBJECT		SELECT_EXPR	89	2	    SELECT COALESCE(MAX(ctrl_flag), 'N')	PARSER
PROCEDURE	TEMP.PR_EXTRACT_LOAN_RISK_DTL	ctrl_flag	UNKNOWN	UNKNOWN_UNRESOLVED_OBJECT		SELECT_EXPR	89	3	    SELECT COALESCE(MAX(ctrl_flag), 'N')	PARSER
PROCEDURE	TEMP.PR_EXTRACT_LOAN_RISK_DTL	CONSTANT:'N'	UNKNOWN	UNKNOWN_UNRESOLVED_OBJECT		SELECT_EXPR	89	4	    SELECT COALESCE(MAX(ctrl_flag), 'N')	PARSER
PROCEDURE	TEMP.PR_EXTRACT_LOAN_RISK_DTL	process_name	UNKNOWN	UNKNOWN_UNRESOLVED_OBJECT		WHERE	92	0	     WHERE process_name = 'PR_EXTRACT_LOAN_RISK_DTL';	PARSER
PROCEDURE	TEMP.PR_EXTRACT_LOAN_RISK_DTL	CONSTANT:'PR_EXTRACT_LOAN_RISK_DTL'	UNKNOWN	UNKNOWN_UNRESOLVED_OBJECT		WHERE	92	1	     WHERE process_name = 'PR_EXTRACT_LOAN_RISK_DTL';	PARSER
PROCEDURE	TEMP.PR_EXTRACT_LOAN_RISK_DTL	CONSTANT:'ALTER TABLE RPT.RPT_LOAN_RISK_DTL ACTIVATE NOT LOGGED INITIALLY WITH EMPTY TABLE'	VARIABLE	TEMP.PR_EXTRACT_LOAN_RISK_DTL	l_sql_str	VARIABLE_SET_MAP	98	0	        'ALTER TABLE RPT.RPT_LOAN_RISK_DTL ACTIVATE NOT LOGGED INITIALLY WITH EMPTY TABLE';	PARSER
PROCEDURE	TEMP.PR_EXTRACT_LOAN_RISK_DTL	l_sql_str	UNKNOWN	UNKNOWN_DYNAMIC_SQL		DYNAMIC_SQL_EXEC	100	0	    EXECUTE IMMEDIATE l_sql_str;	DYNAMIC_LOW_CONFIDENCE
PROCEDURE	TEMP.PR_EXTRACT_LOAN_RISK_DTL		PROCEDURE	TEMP.PR_PROCEDURE_LOG		CALL_PROCEDURE	103	0	    CALL TEMP.PR_PROCEDURE_LOG(	PARSER
PROCEDURE	TEMP.PR_EXTRACT_LOAN_RISK_DTL		SESSION_TABLE	SESSION.TMP_LOAN_BASE		CREATE_TABLE	117	0	    DECLARE GLOBAL TEMPORARY TABLE SESSION.TMP_LOAN_BASE	REGEX
PROCEDURE	TEMP.PR_EXTRACT_LOAN_RISK_DTL		TABLE	SESSION.TMP_LOAN_BASE		INSERT_TABLE	134	0	    INSERT INTO SESSION.TMP_LOAN_BASE	PARSER
PROCEDURE	TEMP.PR_EXTRACT_LOAN_RISK_DTL		TABLE	INTERFACE.LOAN_DEAL		SELECT_TABLE	134	1	    INSERT INTO SESSION.TMP_LOAN_BASE	PARSER
PROCEDURE	TEMP.PR_EXTRACT_LOAN_RISK_DTL		TABLE	INTERFACE.GUARANTEE_DEAL		SELECT_TABLE	134	2	    INSERT INTO SESSION.TMP_LOAN_BASE	PARSER
PROCEDURE	TEMP.PR_EXTRACT_LOAN_RISK_DTL		TABLE	INTERFACE.CUST_RISK_RATING		SELECT_TABLE	134	3	    INSERT INTO SESSION.TMP_LOAN_BASE	PARSER
PROCEDURE	TEMP.PR_EXTRACT_LOAN_RISK_DTL	CONSTANT:ROW_COUNT	VARIABLE	TEMP.PR_EXTRACT_LOAN_RISK_DTL	l_row_cnt	DIAGNOSTICS_FETCH_MAP	165	0	    GET DIAGNOSTICS l_row_cnt = ROW_COUNT;	REGEX
PROCEDURE	TEMP.PR_EXTRACT_LOAN_RISK_DTL		PROCEDURE	TEMP.PR_PROCEDURE_LOG		CALL_PROCEDURE	166	0	    CALL TEMP.PR_PROCEDURE_LOG(	PARSER
PROCEDURE	TEMP.PR_EXTRACT_LOAN_RISK_DTL		SESSION_TABLE	SESSION.TMP_FX_RATE		CREATE_TABLE	180	0	    DECLARE GLOBAL TEMPORARY TABLE SESSION.TMP_FX_RATE	REGEX
PROCEDURE	TEMP.PR_EXTRACT_LOAN_RISK_DTL		TABLE	SESSION.TMP_FX_RATE		INSERT_TABLE	185	0	    INSERT INTO SESSION.TMP_FX_RATE	PARSER
PROCEDURE	TEMP.PR_EXTRACT_LOAN_RISK_DTL		TABLE	INTERFACE.FX_RATE		SELECT_TABLE	185	1	    INSERT INTO SESSION.TMP_FX_RATE	PARSER
PROCEDURE	TEMP.PR_EXTRACT_LOAN_RISK_DTL		SESSION_TABLE	SESSION.TMP_GUARANTEE		CREATE_TABLE	202	0	    DECLARE GLOBAL TEMPORARY TABLE SESSION.TMP_GUARANTEE	REGEX
PROCEDURE	TEMP.PR_EXTRACT_LOAN_RISK_DTL		TABLE	SESSION.TMP_GUARANTEE		INSERT_TABLE	209	0	    INSERT INTO SESSION.TMP_GUARANTEE	PARSER
PROCEDURE	TEMP.PR_EXTRACT_LOAN_RISK_DTL		TABLE	INTERFACE.GUARANTEE_DEAL		SELECT_TABLE	209	1	    INSERT INTO SESSION.TMP_GUARANTEE	PARSER
PROCEDURE	TEMP.PR_EXTRACT_LOAN_RISK_DTL		TABLE	SESSION.TMP_FX_RATE		SELECT_TABLE	209	2	    INSERT INTO SESSION.TMP_GUARANTEE	PARSER
PROCEDURE	TEMP.PR_EXTRACT_LOAN_RISK_DTL		SESSION_TABLE	SESSION.TMP_CHARGE		CREATE_TABLE	235	0	    DECLARE GLOBAL TEMPORARY TABLE SESSION.TMP_CHARGE	REGEX
PROCEDURE	TEMP.PR_EXTRACT_LOAN_RISK_DTL		UNKNOWN	UNKNOWN_UNSUPPORTED_STATEMENT		UNKNOWN	240	0	    INSERT INTO SESSION.TMP_CHARGE	PARSER
SCRIPT	CCL.CODE_MAP		TABLE	CCL.CODE_MAP		CREATE_TABLE	1	0	CREATE TABLE CCL.CODE_MAP (	PARSER
SCRIPT	DB2_EDGE_CASES_SCRIPT		TABLE	T1		SELECT_TABLE	1	0	SELECT 'X' FROM T1 JOIN T2 ON T1.ID = T2.ID HAVING COUNT(*) > 5;	PARSER
SCRIPT	DB2_EDGE_CASES_SCRIPT		TABLE	T2		SELECT_TABLE	1	1	SELECT 'X' FROM T1 JOIN T2 ON T1.ID = T2.ID HAVING COUNT(*) > 5;	PARSER
SCRIPT	DB2_EDGE_CASES_SCRIPT	CONSTANT:'X'	UNKNOWN	UNKNOWN_UNRESOLVED_OBJECT		SELECT_EXPR	1	2	SELECT 'X' FROM T1 JOIN T2 ON T1.ID = T2.ID HAVING COUNT(*) > 5;	PARSER
SCRIPT	DB2_EDGE_CASES_SCRIPT	T1.ID	UNKNOWN	UNKNOWN_UNRESOLVED_OBJECT		JOIN_ON	1	3	SELECT 'X' FROM T1 JOIN T2 ON T1.ID = T2.ID HAVING COUNT(*) > 5;	PARSER
SCRIPT	DB2_EDGE_CASES_SCRIPT	T2.ID	UNKNOWN	UNKNOWN_UNRESOLVED_OBJECT		JOIN_ON	1	4	SELECT 'X' FROM T1 JOIN T2 ON T1.ID = T2.ID HAVING COUNT(*) > 5;	PARSER
SCRIPT	DB2_EDGE_CASES_SCRIPT	FUNCTION:COUNT	UNKNOWN	UNKNOWN_UNRESOLVED_OBJECT		HAVING	1	5	SELECT 'X' FROM T1 JOIN T2 ON T1.ID = T2.ID HAVING COUNT(*) > 5;	PARSER
SCRIPT	DB2_EDGE_CASES_SCRIPT	CONSTANT:5	UNKNOWN	UNKNOWN_UNRESOLVED_OBJECT		HAVING	1	6	SELECT 'X' FROM T1 JOIN T2 ON T1.ID = T2.ID HAVING COUNT(*) > 5;	PARSER
SCRIPT	EXTRA_PATTERNS		TABLE	INTERFACE.API_MTM_REVAL		SELECT_TABLE	1	0	SELECT	PARSER
SCRIPT	EXTRA_PATTERNS		TABLE	FOS.API_MTM_REVAL		SELECT_TABLE	1	1	SELECT	PARSER
SCRIPT	EXTRA_PATTERNS	I.DEAL_TYPE	UNKNOWN	UNKNOWN_UNRESOLVED_OBJECT		SELECT_FIELD	2	0	    I.DEAL_TYPE,	PARSER
SCRIPT	EXTRA_PATTERNS	I.DEAL_TYPE	UNKNOWN	UNKNOWN_UNRESOLVED_OBJECT		GROUP_BY	2	1	    I.DEAL_TYPE,	PARSER
SCRIPT	EXTRA_PATTERNS	I.DEAL_TYPE	UNKNOWN	UNKNOWN_UNRESOLVED_OBJECT		ORDER_BY	2	2	    I.DEAL_TYPE,	PARSER
SCRIPT	EXTRA_PATTERNS	FUNCTION:COUNT	UNKNOWN	UNKNOWN_UNRESOLVED_OBJECT		SELECT_EXPR	3	0	    COUNT(*) AS CNT	PARSER
SCRIPT	EXTRA_PATTERNS	FUNCTION:COUNT	UNKNOWN	UNKNOWN_UNRESOLVED_OBJECT		HAVING	3	1	    COUNT(*) AS CNT	PARSER
SCRIPT	EXTRA_PATTERNS	I.DEAL_NUM	UNKNOWN	UNKNOWN_UNRESOLVED_OBJECT		JOIN_ON	6	0	  ON I.DEAL_NUM = F.DEAL_NUMBER	PARSER
SCRIPT	EXTRA_PATTERNS	F.DEAL_NUMBER	UNKNOWN	UNKNOWN_UNRESOLVED_OBJECT		JOIN_ON	6	1	  ON I.DEAL_NUM = F.DEAL_NUMBER	PARSER
SCRIPT	EXTRA_PATTERNS	I.STATUS_CD	UNKNOWN	UNKNOWN_UNRESOLVED_OBJECT		WHERE	7	0	WHERE I.STATUS_CD = 'ACTIVE'	PARSER
SCRIPT	EXTRA_PATTERNS	CONSTANT:'ACTIVE'	UNKNOWN	UNKNOWN_UNRESOLVED_OBJECT		WHERE	7	1	WHERE I.STATUS_CD = 'ACTIVE'	PARSER
SCRIPT	EXTRA_PATTERNS	CONSTANT:1	UNKNOWN	UNKNOWN_UNRESOLVED_OBJECT		HAVING	9	0	HAVING COUNT(*) > 1	PARSER
SCRIPT	EXTRA_PATTERNS	CONSTANT:'DELETE FROM INTERFACE.API_MTM_REVAL WHERE STATUS_CD = ''X'''	UNKNOWN	UNKNOWN_DYNAMIC_SQL		DYNAMIC_SQL_EXEC	13	0	EXECUTE IMMEDIATE 'DELETE FROM INTERFACE.API_MTM_REVAL WHERE STATUS_CD = ''X'''	DYNAMIC_LOW_CONFIDENCE
SCRIPT	FOS.API_MTM_REVAL		TABLE	FOS.API_MTM_REVAL		CREATE_TABLE	1	0	CREATE TABLE FOS.API_MTM_REVAL (	PARSER
SCRIPT	INTERFACE.API_MTM_REVAL		TABLE	INTERFACE.API_MTM_REVAL		CREATE_TABLE	1	0	CREATE TABLE INTERFACE.API_MTM_REVAL (	PARSER
SCRIPT	INTERFACE.API_MTM_REVAL_STAR		TABLE	INTERFACE.API_MTM_REVAL_STAR		CREATE_TABLE	1	0	CREATE TABLE INTERFACE.API_MTM_REVAL_STAR (	PARSER
SCRIPT	INTERFACE.MTM_REVAL_HIST		TABLE	INTERFACE.MTM_REVAL_HIST		CREATE_TABLE	1	0	CREATE TABLE INTERFACE.MTM_REVAL_HIST (	PARSER
SCRIPT	INTERFACE.MTM_REVAL_TMP_COPY		TABLE	INTERFACE.MTM_REVAL_TMP_COPY		CREATE_TABLE	1	0	CREATE TABLE INTERFACE.MTM_REVAL_TMP_COPY (	PARSER
SCRIPT	RPT.MTM_REVAL_AUDIT		TABLE	RPT.MTM_REVAL_AUDIT		CREATE_TABLE	1	0	CREATE TABLE RPT.MTM_REVAL_AUDIT (	PARSER
SCRIPT	TABLE_A		TABLE	TABLE_A		CREATE_TABLE	1	0	CREATE TABLE TABLE_A (	PARSER
SCRIPT	TABLE_B		TABLE	TABLE_B		CREATE_TABLE	1	0	CREATE TABLE TABLE_B (	PARSER
SCRIPT	TABLE_C		TABLE	TABLE_C		CREATE_TABLE	1	0	CREATE TABLE TABLE_C (	PARSER
